contrast,dissimilarity,homogeneity,energy,correlation,ASM,filename,cluster,label
102.30765362340097,5.16128559836124,0.36729138067489064,0.0651572328610995,0.9784129902377118,0.004335994790703622,semangka4.jpg,0,Tidak Busuk
216.7724836649091,6.742489276124549,0.5689232988165237,0.48569436226353396,0.9813274670042809,0.2359006412408542,semangka1.jpg,1,Busuk
169.57104185076915,6.625530428444474,0.450496294549163,0.33376276305181907,0.9898403534818918,0.11140383429342801,semangka3.jpg,0,Tidak Busuk
260.39437028592965,9.889823738809728,0.18720763463221463,0.017133130928655208,0.9389349135018397,0.0002955453237238936,semangka2.png,1,Busuk
