contrast,dissimilarity,homogeneity,energy,correlation,ASM,filename,cluster,label
445.8858392680182,11.334078975340766,0.38919354720165034,0.238971166469766,0.9604297160175476,0.0571390899127396,semangka5.png,0,Busuk
54.87483112156599,2.9939801557438885,0.5888466344743317,0.5019864430117883,0.9941598203346711,0.25199041822232304,semangka4.png,1,Tidak Busuk
58.05886493807583,4.71303965690205,0.27585041410122135,0.01956941364680189,0.9891758273553569,0.0003857375658220522,semangka1.png,1,Tidak Busuk
102.30765362340097,5.16128559836124,0.36729138067489064,0.0651572328610995,0.9784129902377118,0.004335994790703622,semangka3.jpg,1,Tidak Busuk
112.54275679203054,6.117404419236365,0.27714138045594444,0.02283986982368613,0.978702044649221,0.0005258705366131427,semangka2.png,1,Tidak Busuk
