contrast,dissimilarity,homogeneity,energy,correlation,ASM,filename,cluster,label
127.8309043740731,5.039244831141541,0.3758827473864878,0.02967184625715772,0.9833899135706755,0.0008849634748244225,semangka4.jpg,0,Tidak Busuk
190.72813931371695,8.035875145437531,0.2533284282017987,0.07959915284046847,0.968889437990162,0.006336816176100019,semangka1.png,1,Busuk
54.87483112156599,2.9939801557438885,0.5888466344743317,0.5019864430117883,0.9941598203346711,0.25199041822232304,semangka3.png,0,Tidak Busuk
102.30765362340097,5.16128559836124,0.36729138067489064,0.0651572328610995,0.9784129902377118,0.004335994790703622,semangka2.jpg,0,Tidak Busuk
